{
    "users": [
        {
            "Field": "id",
            "Type": "char(36)",
            "Null": "NO",
            "Key": "PRI",
            "Default": null,
            "Extra": ""
        },
        {
            "Field": "name",
            "Type": "varchar(255)",
            "Null": "NO",
            "Key": "",
            "Default": null,
            "Extra": ""
        },
        {
            "Field": "email",
            "Type": "varchar(255)",
            "Null": "NO",
            "Key": "UNI",
            "Default": null,
            "Extra": ""
        },
        {
            "Field": "password",
            "Type": "varchar(255)",
            "Null": "NO",
            "Key": "",
            "Default": null,
            "Extra": ""
        },
        {
            "Field": "role",
            "Type": "enum('Participant','Organizer','Sponsor','Recruiter','Mentor','Admin')",
            "Null": "NO",
            "Key": "",
            "Default": null,
            "Extra": ""
        },
        {
            "Field": "university",
            "Type": "varchar(255)",
            "Null": "YES",
            "Key": "",
            "Default": null,
            "Extra": ""
        },
        {
            "Field": "skills",
            "Type": "longtext",
            "Null": "YES",
            "Key": "",
            "Default": null,
            "Extra": ""
        },
        {
            "Field": "avatar",
            "Type": "text",
            "Null": "YES",
            "Key": "",
            "Default": null,
            "Extra": ""
        },
        {
            "Field": "bio",
            "Type": "text",
            "Null": "YES",
            "Key": "",
            "Default": null,
            "Extra": ""
        },
        {
            "Field": "github",
            "Type": "text",
            "Null": "YES",
            "Key": "",
            "Default": null,
            "Extra": ""
        },
        {
            "Field": "linkedin",
            "Type": "text",
            "Null": "YES",
            "Key": "",
            "Default": null,
            "Extra": ""
        },
        {
            "Field": "portfolio",
            "Type": "text",
            "Null": "YES",
            "Key": "",
            "Default": null,
            "Extra": ""
        },
        {
            "Field": "profile_visibility",
            "Type": "enum('public','recruiters-only','private')",
            "Null": "YES",
            "Key": "",
            "Default": "public",
            "Extra": ""
        },
        {
            "Field": "verified",
            "Type": "tinyint(1)",
            "Null": "YES",
            "Key": "",
            "Default": "0",
            "Extra": ""
        },
        {
            "Field": "created_at",
            "Type": "timestamp",
            "Null": "NO",
            "Key": "",
            "Default": "current_timestamp()",
            "Extra": ""
        },
        {
            "Field": "updated_at",
            "Type": "timestamp",
            "Null": "NO",
            "Key": "",
            "Default": "current_timestamp()",
            "Extra": "on update current_timestamp()"
        },
        {
            "Field": "department",
            "Type": "varchar(255)",
            "Null": "YES",
            "Key": "",
            "Default": null,
            "Extra": ""
        },
        {
            "Field": "location",
            "Type": "varchar(255)",
            "Null": "YES",
            "Key": "",
            "Default": null,
            "Extra": ""
        }
    ],
    "participant_profiles": [
        {
            "Field": "id",
            "Type": "varchar(36)",
            "Null": "NO",
            "Key": "PRI",
            "Default": null,
            "Extra": ""
        },
        {
            "Field": "user_id",
            "Type": "varchar(36)",
            "Null": "NO",
            "Key": "MUL",
            "Default": null,
            "Extra": ""
        },
        {
            "Field": "university",
            "Type": "varchar(255)",
            "Null": "YES",
            "Key": "",
            "Default": null,
            "Extra": ""
        },
        {
            "Field": "skills",
            "Type": "text",
            "Null": "YES",
            "Key": "",
            "Default": null,
            "Extra": ""
        },
        {
            "Field": "github",
            "Type": "varchar(255)",
            "Null": "YES",
            "Key": "",
            "Default": null,
            "Extra": ""
        },
        {
            "Field": "created_at",
            "Type": "timestamp",
            "Null": "NO",
            "Key": "",
            "Default": "current_timestamp()",
            "Extra": ""
        }
    ]
}